Year,Province,Community,Age,Sex,Adjustment,Method,LoD,GM
2006,山东,mixed,mixed,male,SG,LCMSMS,0.921484487,3.944959213
2019,北京,urban,mixed,mixed,SG,HPLCMSMS,0.351566672,1.675409818
2014,西藏,mixed,child,female,SG,LCMS,0.06418538,1.129039703
2010,江西,mixed,adult,male,SG,UPLC,0.212199685,2.622085581
2007,辽宁,urban,adult,male,SG,UPLCMSMS,0.424508192,3.921479069
2020,内蒙古,urban,mixed,male,unadjusted,HPLCMS,0.227438579,1.064538375
2006,宁夏,urban,mixed,male,SG,LCMSMS,0.010224768,5.363155733
2018,浙江,mixed,child,male,unadjusted,LCMS,0.915851522,2.46141277
2022,新疆,mixed,mixed,male,SG,UPLCMSMS,0.845440617,3.353795116
2010,山西,urban,child,mixed,creatinine,GCMSMS,0.744869309,4.164861401
2010,福建,rural,adult,female,SG,UPLC,0.17613645,3.252604311
2023,浙江,urban,adult,female,creatinine,UPLCMSMS,0.12915994,1.892463429
2020,河北,rural,child,male,SG,UPLCMS,0.076928702,3.676628827
2003,北京,rural,mixed,female,SG,HPLCMSMS,0.726788897,2.271515127
2007,辽宁,urban,adult,female,SG,UPLCMSMS,0.929519881,3.450052827
2023,湖南,urban,mixed,female,creatinine,HPLCMS,0.436230463,3.644010724
2002,贵州,urban,adult,male,creatinine,LCMS,0.127949265,1.159163803
2021,江苏,mixed,child,male,SG,UPLC,0.517268893,2.975159784
2020,内蒙古,rural,child,female,unadjusted,HPLC,0.355343588,1.826134105
2001,四川,mixed,child,female,SG,UPLCMSMS,0.381076675,2.143076683
2023,江苏,mixed,adult,male,creatinine,GCMS,0.625117318,2.131217803
2011,安徽,urban,mixed,mixed,SG,HPLCMS,0.721530932,2.088888882
2005,天津,mixed,mixed,female,creatinine,HPLCMS,0.119497563,4.28409718
2001,福建,urban,mixed,mixed,creatinine,GCMS,0.045234328,1.009972767
2020,黑龙江,rural,adult,female,creatinine,UPLCMS,0.994387,0.845333126
2000,天津,urban,adult,mixed,SG,HPLC,0.240401065,0.760713968
2011,广西,mixed,adult,mixed,creatinine,HPLCMSMS,0.06329222,3.413435672
2021,北京,mixed,adult,mixed,creatinine,LCMS,0.197976576,1.358564238
2011,新疆,urban,adult,male,SG,UPLC,0.048568268,2.136652635
2016,内蒙古,urban,mixed,mixed,creatinine,LCMS,0.397892786,1.888510869
2009,上海,mixed,adult,mixed,SG,HPLC,0.804377767,1.283973556
2015,湖北,rural,adult,mixed,creatinine,LCMS,0.347832005,3.061441242
2014,上海,rural,mixed,female,unadjusted,GCMS,0.449741573,1.876513805
2014,浙江,urban,adult,mixed,unadjusted,HPLCMS,0.678830906,1.775850818
2018,山东,rural,mixed,female,creatinine,LCMS,0.513805129,2.246970432
2011,贵州,mixed,mixed,mixed,unadjusted,LCMSMS,0.862831229,2.867765695
2022,辽宁,urban,child,mixed,SG,UPLCMSMS,0.867375318,1.238200429
2019,四川,mixed,child,male,unadjusted,HPLC,0.019811589,3.094438148
2002,河北,mixed,child,female,creatinine,UPLCMS,0.780265843,4.129159769
2004,宁夏,rural,child,mixed,creatinine,LCMSMS,0.466126264,0.98028297
2018,新疆,urban,adult,female,SG,GCMS,0.988952136,2.29859179
2006,湖北,urban,child,female,creatinine,GCMSMS,0.488399755,1.717184574
2020,内蒙古,rural,mixed,male,SG,GCMS,0.987026986,2.837043449
2008,宁夏,mixed,adult,male,unadjusted,UPLCMS,0.757023668,1.088518475
2006,甘肃,mixed,child,male,unadjusted,UPLCMS,0.256118836,4.515953247
2017,安徽,mixed,mixed,male,SG,LCMSMS,0.543011029,0.895117555
2003,湖南,mixed,adult,male,SG,UPLCMSMS,0.992214283,1.770048081
2013,江西,urban,adult,male,creatinine,HPLC,0.858955302,2.48505606
2017,海南,urban,child,male,unadjusted,HPLCMSMS,0.106393225,1.419037404
2008,贵州,rural,adult,male,SG,HPLCMS,0.709308277,1.311860563
2020,浙江,rural,mixed,mixed,unadjusted,LCMSMS,0.35212379,2.235053128
2001,上海,urban,adult,female,SG,UPLCMS,0.016912439,2.079291354
2019,天津,urban,mixed,male,unadjusted,GCMSMS,0.409446159,2.005946994
2014,安徽,mixed,adult,male,creatinine,UPLC,0.242406878,3.072499612
2006,河北,mixed,child,female,unadjusted,UPLCMS,0.820680578,1.641993141
2011,河北,rural,mixed,mixed,unadjusted,UPLCMSMS,0.343957303,2.346543761
2007,北京,urban,adult,female,unadjusted,UPLCMSMS,0.829248457,1.552467773
2014,黑龙江,rural,adult,female,unadjusted,UPLCMS,0.010591959,1.307978006
2002,重庆,urban,adult,male,unadjusted,UPLCMSMS,0.314740959,1.734584436
2013,甘肃,mixed,mixed,female,creatinine,LCMSMS,0.248753562,1.558563536
2016,青海,rural,mixed,female,SG,UPLCMS,0.241231687,1.597987907
2003,黑龙江,rural,mixed,male,unadjusted,UPLCMS,0.077504754,3.581604518
2017,浙江,urban,child,male,creatinine,HPLC,0.195253028,1.761376232
2007,上海,mixed,child,male,unadjusted,HPLCMS,0.559994074,1.435759309
2003,内蒙古,rural,mixed,male,unadjusted,GCMSMS,0.298447462,2.028276804
2001,江西,mixed,adult,female,SG,UPLCMSMS,0.423220835,2.106991604
2005,甘肃,rural,child,female,unadjusted,HPLC,0.383098212,1.104846671
2021,宁夏,mixed,mixed,mixed,creatinine,HPLCMSMS,0.877145876,1.722788234
2009,河北,urban,adult,mixed,creatinine,HPLCMSMS,0.906246009,1.688439988
2003,海南,rural,child,female,SG,LCMS,0.498027402,1.835056082
2021,内蒙古,rural,adult,mixed,unadjusted,LCMSMS,0.336854391,2.874593771
2017,内蒙古,mixed,adult,female,creatinine,LCMSMS,0.115732697,2.141449885
2011,广东,mixed,adult,mixed,unadjusted,GCMS,0.953868851,3.695499967
2001,陕西,rural,adult,male,unadjusted,GCMSMS,0.069624675,1.988373569
2009,江西,urban,child,mixed,unadjusted,UPLCMS,0.304673775,4.860740637
2003,西藏,mixed,child,male,SG,UPLCMSMS,0.305085539,1.58845155
2013,宁夏,mixed,child,male,unadjusted,GCMSMS,0.327197273,1.361199083
2015,山西,mixed,mixed,male,creatinine,LCMS,0.172643975,2.629512632
2014,云南,rural,child,male,unadjusted,GCMS,0.785329817,3.955820938
2007,福建,rural,adult,mixed,creatinine,HPLC,0.131272883,1.003752552
2013,江苏,rural,child,female,unadjusted,GCMSMS,0.638557593,1.81239986
2022,云南,rural,adult,male,creatinine,HPLC,0.132607566,1.473670471
2007,湖南,urban,mixed,mixed,creatinine,HPLCMSMS,0.079830281,2.148076278
2020,黑龙江,urban,adult,male,unadjusted,UPLCMSMS,0.910335209,2.010043055
2015,黑龙江,rural,adult,mixed,unadjusted,LCMS,0.198227479,3.919005037
2012,吉林,urban,adult,mixed,creatinine,UPLCMS,0.823037653,1.894480738
2017,黑龙江,mixed,mixed,mixed,SG,UPLCMSMS,0.549184562,3.977045592
2014,江西,mixed,child,female,unadjusted,HPLCMS,0.087077954,1.708467915
2020,广东,mixed,child,mixed,SG,LCMSMS,0.95589371,3.178432396
2023,青海,rural,mixed,mixed,unadjusted,LCMS,0.254491555,2.242247463
2012,辽宁,mixed,adult,female,unadjusted,GCMSMS,0.861048892,4.749740001
2008,北京,urban,child,female,unadjusted,UPLCMSMS,0.177121906,0.955653145
2014,四川,rural,mixed,mixed,unadjusted,UPLC,0.855403453,1.117638885
2012,新疆,urban,child,female,SG,LCMSMS,0.023096525,4.997602627
2000,山东,mixed,mixed,male,unadjusted,LCMSMS,0.516662652,1.386128534
2006,北京,mixed,adult,male,creatinine,UPLC,0.771748154,1.430816845
2008,云南,mixed,child,female,creatinine,GCMS,0.935447562,1.290829955
2023,湖北,rural,mixed,female,SG,GCMS,0.910110115,3.551500388
2000,北京,urban,child,mixed,unadjusted,UPLC,0.821428621,1.068673729
2011,山东,rural,child,female,creatinine,HPLCMS,0.889309436,2.02257689
2007,四川,rural,child,mixed,SG,HPLCMSMS,0.207227489,1.751261297
2023,天津,mixed,child,male,unadjusted,UPLC,0.291342453,3.358199517
2010,江西,rural,mixed,female,creatinine,HPLCMSMS,0.29607884,1.508786748
2018,海南,rural,adult,mixed,creatinine,UPLCMSMS,0.383283392,2.461530892
2016,黑龙江,mixed,mixed,mixed,SG,HPLCMS,0.399387464,1.113534392
2007,黑龙江,rural,mixed,male,unadjusted,LCMS,0.549109771,6.23462043
2002,广东,mixed,mixed,female,unadjusted,HPLCMSMS,0.168280966,1.774202486
2002,吉林,mixed,adult,male,creatinine,LCMSMS,0.694334197,2.008782713
2000,广东,mixed,child,mixed,creatinine,UPLCMSMS,0.175890874,4.574623316
2004,辽宁,mixed,child,mixed,creatinine,LCMSMS,0.317205397,1.491542461
2009,辽宁,rural,child,female,unadjusted,HPLCMS,0.508311679,4.60359883
2006,河北,mixed,adult,mixed,SG,HPLCMSMS,0.798476156,1.628096585
2008,吉林,mixed,child,female,SG,HPLC,0.742074541,2.798255738
2006,广东,rural,adult,male,unadjusted,HPLCMS,0.649079013,1.502013228
2008,黑龙江,rural,child,female,SG,HPLCMS,0.164215528,1.01524398
2007,江苏,urban,child,female,creatinine,HPLC,0.551574892,2.460696293
2011,广西,rural,mixed,mixed,SG,UPLCMSMS,0.096572037,2.754122503
2001,山东,rural,adult,mixed,SG,HPLCMSMS,0.383589545,1.035831317
2000,山东,urban,mixed,female,SG,HPLCMSMS,0.419381365,1.715351509
2015,青海,rural,mixed,mixed,creatinine,LCMSMS,0.049413325,3.645620781
2022,北京,rural,mixed,mixed,unadjusted,HPLCMS,0.281248218,2.699878187
2022,广西,rural,adult,mixed,creatinine,HPLCMS,0.956092973,1.641383822
2023,宁夏,rural,adult,female,unadjusted,UPLCMS,0.954096282,1.483470581
2004,吉林,urban,child,mixed,unadjusted,LCMS,0.358803784,5.297681877
2002,陕西,rural,mixed,female,unadjusted,HPLCMS,0.052669108,0.970136152
2011,山西,rural,child,mixed,SG,GCMSMS,0.18730399,1.941668963
2007,青海,urban,mixed,male,SG,LCMS,0.398295615,0.96155717
2021,辽宁,mixed,adult,mixed,unadjusted,GCMSMS,0.948301901,3.859565078
2002,云南,urban,adult,mixed,unadjusted,HPLCMSMS,0.149787073,1.992889059
2000,北京,mixed,adult,female,SG,LCMS,0.765880685,2.18635161
2002,青海,urban,mixed,female,creatinine,HPLCMS,0.117595714,7.985228005
2004,内蒙古,urban,adult,mixed,unadjusted,HPLC,0.981445002,1.486479902
2014,陕西,rural,mixed,male,creatinine,LCMSMS,0.387800334,4.794335599
2013,四川,mixed,child,mixed,SG,GCMSMS,0.777482194,1.645067182
2002,北京,rural,mixed,mixed,unadjusted,LCMS,0.349165172,1.77960415
2000,宁夏,mixed,child,male,creatinine,HPLCMS,0.631392188,7.480015086
2004,山西,urban,mixed,female,creatinine,LCMS,0.200095924,1.845226422
2022,重庆,urban,child,mixed,creatinine,HPLCMS,0.154560809,1.005979283
2013,天津,mixed,adult,female,SG,HPLCMS,0.938683498,2.302755789
2006,江苏,rural,child,female,SG,HPLCMS,0.918470805,1.83451248
2008,内蒙古,rural,adult,male,creatinine,UPLCMS,0.888594251,2.402945079
2014,陕西,rural,adult,male,creatinine,LCMSMS,0.629179116,1.870766582
2014,江苏,rural,child,female,SG,HPLC,0.810185529,6.055212605
2009,北京,urban,mixed,mixed,creatinine,HPLC,0.078346568,2.641944238
2012,重庆,urban,mixed,female,creatinine,LCMS,0.341441151,1.168434556
2018,辽宁,urban,mixed,mixed,SG,LCMS,0.320566094,2.128506546
2006,福建,urban,mixed,mixed,creatinine,HPLCMS,0.639288869,1.340888251
2016,新疆,urban,mixed,male,creatinine,UPLCMS,0.362398196,1.767012486
2019,山东,rural,adult,mixed,creatinine,HPLCMS,0.157021714,1.268616359
2003,山西,rural,mixed,mixed,SG,UPLCMS,0.600502405,5.735680737
2004,福建,rural,adult,female,creatinine,HPLCMS,0.816240081,1.415460434
2022,贵州,rural,adult,male,SG,GCMSMS,0.38830226,2.820542822
2006,广西,urban,adult,mixed,SG,GCMSMS,0.140946028,1.701325188
2012,贵州,urban,child,mixed,unadjusted,HPLCMSMS,0.204721315,1.120685548
2014,山东,urban,child,male,unadjusted,HPLCMS,0.245108472,2.20774544
2010,青海,mixed,adult,female,creatinine,LCMSMS,0.306898617,2.443650674
2003,黑龙江,rural,child,male,SG,HPLCMSMS,0.64636712,2.644442973
2012,内蒙古,rural,mixed,male,unadjusted,LCMS,0.60493603,0.539041672
2006,青海,urban,mixed,mixed,creatinine,UPLCMSMS,0.699119063,1.078665171
2018,山东,rural,adult,mixed,unadjusted,HPLCMS,0.368876965,3.228199463
2021,山西,rural,mixed,female,unadjusted,GCMSMS,0.825757675,1.260292327
2001,安徽,urban,adult,mixed,SG,UPLCMSMS,0.212046785,2.213597911
2009,福建,mixed,adult,mixed,SG,UPLCMS,0.47435034,1.066236153
2012,天津,mixed,mixed,male,unadjusted,UPLCMSMS,0.802929334,2.88333535
2020,陕西,mixed,child,mixed,unadjusted,LCMSMS,0.188357061,3.186050234
2005,新疆,urban,mixed,female,SG,HPLCMS,0.118764483,2.883780577
2011,广东,rural,mixed,male,creatinine,HPLC,0.884847128,3.35155892
2011,广东,urban,adult,female,SG,UPLCMSMS,0.349500366,4.37146089
2019,山西,urban,adult,male,unadjusted,HPLC,0.687031424,1.111944311
2010,山西,rural,adult,mixed,creatinine,UPLCMS,0.035095118,1.348255069
2022,西藏,mixed,adult,male,unadjusted,HPLCMSMS,0.69314642,3.132774287
2006,浙江,mixed,child,male,creatinine,HPLC,0.322940298,3.519282264
2000,陕西,urban,child,mixed,unadjusted,HPLCMSMS,0.065183445,1.427572863
2000,内蒙古,mixed,child,mixed,creatinine,GCMSMS,0.613714634,1.378787029
2019,广西,urban,adult,female,creatinine,HPLCMS,0.248395778,1.443456285
2012,浙江,urban,adult,female,unadjusted,UPLCMSMS,0.39293917,0.896371527
2008,宁夏,rural,adult,mixed,creatinine,GCMSMS,0.089775004,1.059123405
2002,江苏,rural,child,mixed,SG,GCMSMS,0.155691619,1.071972981
2006,黑龙江,rural,adult,mixed,unadjusted,UPLC,0.304997463,1.726502945
2005,辽宁,urban,mixed,male,SG,GCMS,0.098861906,2.290031192
2007,辽宁,rural,mixed,male,unadjusted,LCMSMS,0.911718002,2.484033366
2008,黑龙江,mixed,adult,male,creatinine,HPLCMSMS,0.015986573,1.55094753
2004,四川,mixed,mixed,mixed,creatinine,UPLC,0.489021617,1.57012247
2000,山东,urban,mixed,female,creatinine,GCMS,0.132014984,2.127564564
2018,西藏,urban,child,mixed,unadjusted,LCMSMS,0.314602299,0.946617572
2009,江西,rural,adult,male,SG,HPLCMSMS,0.926798964,3.231244789
2011,浙江,urban,adult,male,SG,HPLCMS,0.170077608,3.8031886
2023,安徽,urban,child,mixed,unadjusted,LCMSMS,0.966173997,1.462806516
2014,西藏,mixed,mixed,mixed,unadjusted,UPLCMSMS,0.213736433,1.638742371
2021,福建,mixed,mixed,male,SG,GCMSMS,0.744150447,3.724018373
2023,黑龙江,rural,adult,male,SG,GCMS,0.551210492,1.880657378
2008,宁夏,urban,mixed,male,SG,GCMS,0.88563394,2.683897163
2019,湖南,urban,child,mixed,SG,GCMS,0.558453323,1.909792283
2016,云南,mixed,child,male,unadjusted,HPLCMSMS,0.539213627,4.354896633
2016,北京,urban,adult,male,unadjusted,UPLCMSMS,0.20350342,2.555344363
2019,山东,mixed,child,female,creatinine,LCMSMS,0.174567068,2.62997691
2011,黑龙江,rural,child,mixed,SG,GCMSMS,0.91732426,2.654617164
2006,甘肃,mixed,adult,female,creatinine,UPLCMSMS,0.334559817,1.515264956
2001,浙江,urban,child,female,unadjusted,UPLC,0.378361432,1.586495685
2002,安徽,rural,child,male,unadjusted,HPLCMS,0.762225422,2.938120233
2016,安徽,mixed,child,mixed,creatinine,HPLC,0.345435248,2.130493398
2004,山西,mixed,mixed,male,SG,UPLCMSMS,0.952541822,1.109979644
2016,河南,rural,adult,mixed,SG,UPLC,0.740548491,5.102340688
2023,山西,rural,adult,female,SG,GCMSMS,0.60145495,3.261486634
2016,内蒙古,mixed,adult,mixed,SG,HPLC,0.882086209,2.037982489
2016,贵州,urban,mixed,male,creatinine,HPLC,0.059109849,1.744375636
2001,内蒙古,mixed,mixed,male,creatinine,UPLCMSMS,0.264492065,2.208878917
2001,黑龙江,rural,adult,male,unadjusted,GCMS,0.470385971,2.590645908
2021,新疆,mixed,mixed,mixed,SG,LCMS,0.234708754,0.723718201
2022,江苏,rural,adult,female,SG,GCMSMS,0.746466135,5.750702581
2004,湖北,rural,mixed,female,SG,GCMS,0.920015951,1.347438019
2000,甘肃,urban,child,mixed,creatinine,GCMSMS,0.429532419,1.998095275
2000,新疆,rural,child,male,SG,LCMS,0.348711274,2.035172582
2018,西藏,rural,adult,female,creatinine,HPLCMS,0.961935225,5.428008402
2001,上海,urban,mixed,male,SG,LCMS,0.450403908,1.913789408
2020,重庆,rural,mixed,mixed,SG,UPLCMS,0.494157916,4.425577718
2011,广东,urban,child,male,unadjusted,UPLCMSMS,0.358133374,2.451036301
2005,青海,urban,child,female,SG,UPLCMSMS,0.910452988,1.236401012
2022,江西,rural,mixed,female,SG,UPLC,0.573265928,2.139347583
2003,黑龙江,rural,mixed,male,unadjusted,GCMS,0.764552841,1.884934024
2022,上海,mixed,mixed,mixed,creatinine,UPLC,0.813688651,1.163126849
2010,重庆,urban,mixed,male,creatinine,UPLCMS,0.348430551,2.391709938
2023,浙江,mixed,mixed,mixed,SG,LCMS,0.439357388,2.022225334
2016,四川,rural,mixed,male,creatinine,UPLCMSMS,0.849987057,2.641529309
2005,北京,mixed,adult,female,SG,HPLCMSMS,0.369622798,2.203007716
2023,江西,urban,mixed,mixed,unadjusted,LCMS,0.795995782,1.444258054
2004,内蒙古,mixed,child,mixed,unadjusted,LCMS,0.941582399,2.936781274
2019,海南,urban,adult,mixed,SG,UPLCMS,0.626978269,1.463671552
2001,西藏,rural,mixed,female,unadjusted,HPLCMS,0.744211015,0.424565884
2005,江西,rural,child,male,unadjusted,GCMSMS,0.807046339,2.132881014
2021,山西,urban,adult,female,SG,UPLCMS,0.846589252,1.516053106
2010,重庆,rural,child,mixed,SG,GCMSMS,0.401102804,2.42107688
2015,四川,rural,mixed,male,unadjusted,UPLCMSMS,0.060750825,5.433497582
2015,云南,rural,mixed,female,creatinine,UPLCMS,0.407857509,5.51249331
2000,北京,rural,mixed,mixed,creatinine,GCMSMS,0.677018667,1.841509691
2008,新疆,urban,mixed,mixed,SG,UPLC,0.455846882,1.32298374
2005,重庆,mixed,adult,female,SG,UPLCMS,0.751473519,2.679121176
2015,四川,mixed,adult,female,creatinine,UPLCMSMS,0.363412605,1.662021088
2002,广东,rural,child,female,unadjusted,UPLCMS,0.6383967,2.432781959
2019,黑龙江,mixed,mixed,mixed,creatinine,UPLCMSMS,0.194555607,1.437228778
2003,山东,mixed,child,female,creatinine,UPLCMS,0.751875742,2.267081652
2018,海南,rural,adult,mixed,creatinine,GCMSMS,0.550239009,1.332637558
2002,山东,rural,mixed,female,creatinine,HPLCMS,0.212023745,3.615658109
2018,上海,mixed,mixed,mixed,SG,LCMSMS,0.298992062,1.489079785
2019,海南,urban,adult,mixed,SG,GCMSMS,0.751122621,2.783470272
2006,上海,rural,adult,male,unadjusted,GCMS,0.487775223,1.06264761
2019,江苏,urban,adult,female,unadjusted,HPLC,0.223871126,2.95569586
2008,广西,mixed,adult,female,unadjusted,HPLCMS,0.967598478,1.233622726
2000,云南,rural,adult,mixed,unadjusted,UPLC,0.71797377,2.278997342
2007,海南,urban,mixed,mixed,creatinine,LCMS,0.957563484,3.335917211
2006,西藏,rural,adult,mixed,SG,GCMSMS,0.432833995,1.80969031
2017,上海,mixed,mixed,male,SG,UPLCMS,0.480349337,1.195499064
2007,河北,urban,mixed,male,unadjusted,GCMSMS,0.898975664,2.563961271
2000,新疆,mixed,adult,mixed,unadjusted,HPLCMSMS,0.529798847,1.313448973
2010,广西,mixed,adult,female,creatinine,HPLCMS,0.710206123,1.63398919
2017,云南,rural,mixed,female,creatinine,LCMSMS,0.259651149,2.283886302
2022,西藏,urban,adult,male,unadjusted,UPLC,0.452259204,3.949090103
2009,浙江,mixed,adult,male,SG,HPLCMSMS,0.132215367,2.026730407
2002,辽宁,mixed,adult,mixed,SG,UPLCMSMS,0.213920236,2.022988625
2006,天津,urban,child,female,SG,HPLCMSMS,0.010933981,2.891870797
2015,吉林,mixed,mixed,mixed,unadjusted,GCMSMS,0.048872401,2.051011588
2015,湖南,mixed,child,male,SG,UPLC,0.977510985,2.748106916
2019,陕西,urban,adult,female,creatinine,GCMSMS,0.249930158,3.429498202
2016,天津,urban,child,female,creatinine,UPLCMSMS,0.666677602,1.69770715
2001,陕西,urban,adult,male,unadjusted,LCMS,0.840708702,0.38892913
2000,湖北,urban,child,mixed,creatinine,UPLC,0.555153855,1.328676898
2015,浙江,rural,adult,mixed,unadjusted,LCMS,0.161613055,3.660091642
2011,陕西,urban,child,female,SG,HPLCMS,0.730835273,1.966518637
2004,安徽,rural,child,male,SG,HPLCMS,0.604248896,1.688063553
2004,陕西,rural,child,female,SG,LCMS,0.733938083,3.584215699
2022,广东,rural,mixed,male,creatinine,HPLCMS,0.772049157,1.901198967
2008,重庆,mixed,child,mixed,unadjusted,UPLC,0.975656264,0.702493295
2008,贵州,rural,mixed,male,SG,UPLCMS,0.577827647,0.942231906
2002,云南,rural,adult,mixed,unadjusted,GCMS,0.348224702,2.465688776
2018,吉林,mixed,child,male,SG,HPLCMS,0.651979911,1.934215291
2015,广西,mixed,adult,female,creatinine,HPLCMS,0.077756302,4.139087778
2015,辽宁,mixed,adult,mixed,creatinine,GCMSMS,0.898423345,1.386126046
2002,海南,urban,child,female,unadjusted,LCMS,0.128187201,1.713257963
2019,贵州,mixed,mixed,female,creatinine,HPLC,0.33456441,1.285175962
2023,北京,mixed,child,mixed,creatinine,LCMSMS,0.817587927,1.541645098
2021,湖北,rural,adult,mixed,unadjusted,HPLCMSMS,0.601339255,0.776619486
2023,青海,mixed,adult,female,SG,HPLCMS,0.399699165,1.649223958
2000,新疆,urban,child,female,creatinine,HPLCMSMS,0.478701303,1.948797954
2023,浙江,mixed,mixed,female,unadjusted,UPLC,0.856001919,1.86821188
2019,重庆,urban,mixed,female,creatinine,HPLC,0.346604342,5.858677013
2010,西藏,mixed,adult,mixed,creatinine,LCMSMS,0.870953188,5.002258293
2016,甘肃,mixed,adult,mixed,creatinine,LCMS,0.097253087,1.3739605
2007,湖南,mixed,mixed,female,creatinine,GCMS,0.779030453,0.719771724
2003,海南,mixed,child,male,unadjusted,LCMSMS,0.849072157,1.903219649
2005,湖北,urban,adult,male,unadjusted,LCMSMS,0.189999476,2.414282761
2007,吉林,urban,mixed,mixed,unadjusted,GCMS,0.436043067,1.300703333
2019,湖北,rural,adult,female,creatinine,UPLCMS,0.173844777,1.333303055
2002,广西,urban,child,female,creatinine,LCMS,0.709538088,4.41242606
2015,上海,mixed,mixed,mixed,creatinine,GCMSMS,0.53999429,1.758342133
2002,湖北,rural,adult,male,unadjusted,HPLCMSMS,0.638970113,2.785067955
2017,广西,rural,child,male,creatinine,HPLCMS,0.204522097,1.256078205
2013,重庆,rural,adult,male,SG,LCMSMS,0.219628403,1.943862457
2017,重庆,mixed,child,mixed,creatinine,UPLC,0.051082352,1.690421665
2001,甘肃,urban,child,male,SG,GCMS,0.32884686,1.426837649
2021,新疆,mixed,mixed,mixed,creatinine,HPLCMSMS,0.564147215,3.56369307
2002,青海,rural,child,mixed,unadjusted,HPLC,0.859355565,0.998709509
2015,黑龙江,mixed,adult,female,creatinine,GCMS,0.670258173,2.323734508
2008,湖北,mixed,child,male,SG,HPLC,0.44104236,1.674620132
2003,吉林,urban,child,mixed,SG,LCMS,0.953588913,2.460979451
2000,北京,urban,mixed,male,creatinine,LCMSMS,0.722052749,1.686000008
2003,福建,rural,child,male,SG,UPLC,0.930863551,3.085592544
2000,宁夏,mixed,child,female,SG,HPLCMS,0.532312094,1.250190427
2013,四川,mixed,adult,male,unadjusted,HPLC,0.266315232,3.56770944
2020,广东,urban,mixed,female,creatinine,HPLCMSMS,0.06229842,1.971403712
2015,陕西,mixed,mixed,mixed,creatinine,UPLCMS,0.728824003,1.029317453
2019,贵州,mixed,mixed,male,creatinine,LCMS,0.130089968,2.810197902
2023,广东,mixed,child,mixed,SG,UPLCMS,0.309747377,1.810715931
2007,宁夏,urban,mixed,male,creatinine,LCMS,0.537146199,0.851486373
2006,宁夏,rural,child,mixed,creatinine,GCMSMS,0.568772422,2.361698875
2002,青海,rural,child,male,unadjusted,HPLCMSMS,0.604577365,3.308334988
2016,湖北,mixed,adult,male,unadjusted,UPLCMS,0.174592777,3.797014313
2000,福建,rural,adult,male,unadjusted,UPLC,0.385940031,1.655281755
2015,青海,urban,adult,male,SG,LCMSMS,0.621022285,2.15072761
2011,宁夏,urban,adult,male,creatinine,GCMS,0.970120676,2.051180235
2018,河南,rural,adult,male,unadjusted,HPLCMS,0.730354826,4.212467145
2021,黑龙江,rural,child,male,unadjusted,LCMSMS,0.92337772,1.333627788
2022,广东,mixed,child,male,unadjusted,LCMSMS,0.764589938,1.585369423
2021,湖南,rural,mixed,male,creatinine,LCMS,0.595799799,1.317567226
2013,北京,mixed,child,mixed,creatinine,UPLC,0.200103135,0.969060648
2005,江西,mixed,child,female,creatinine,LCMS,0.670018795,2.26379084
2005,广东,urban,adult,male,SG,UPLCMSMS,0.62714577,4.453972286
2012,山东,urban,child,female,SG,HPLC,0.606444479,1.811046674
2018,湖南,urban,adult,male,unadjusted,HPLCMS,0.494888009,1.286851928
2021,天津,urban,mixed,male,creatinine,HPLC,0.533370038,2.195867164
2007,重庆,rural,mixed,mixed,unadjusted,GCMS,0.341098102,2.685068581
2001,甘肃,urban,child,mixed,creatinine,UPLCMSMS,0.524119566,1.849592994
2020,湖北,rural,mixed,female,creatinine,HPLCMSMS,0.205580347,4.034630995
2000,湖南,urban,child,mixed,creatinine,GCMS,0.807122653,1.332379223
2014,宁夏,rural,mixed,mixed,SG,GCMS,0.193919185,1.732667905
2000,辽宁,mixed,adult,female,SG,GCMSMS,0.094116627,2.319011768
2004,广东,rural,adult,mixed,creatinine,HPLCMS,0.441883566,2.434226524
2015,新疆,rural,adult,male,unadjusted,LCMS,0.661724365,2.047790131
2018,山西,urban,adult,female,creatinine,UPLC,0.443339657,1.05541834
2003,北京,rural,child,female,creatinine,HPLC,0.283986591,6.43758122
2002,黑龙江,mixed,mixed,male,unadjusted,GCMS,0.562589472,1.777418842
2016,青海,mixed,child,mixed,creatinine,HPLC,0.353532312,2.113363893
2016,四川,urban,adult,female,unadjusted,HPLC,0.933539013,2.722437795
2011,吉林,mixed,child,female,SG,HPLCMSMS,0.923418688,1.45483792
2013,河北,rural,mixed,male,SG,HPLCMS,0.507348102,2.057744317
2020,江苏,mixed,child,male,unadjusted,HPLCMS,0.334605154,1.425541956
2005,江苏,urban,mixed,mixed,SG,UPLCMS,0.73976109,2.461873268
2002,广东,rural,child,female,SG,LCMSMS,0.046345814,1.742177654
2008,江西,urban,mixed,mixed,unadjusted,HPLCMS,0.480021316,2.287607346
2004,天津,rural,mixed,mixed,SG,HPLC,0.34296016,1.185160854
2023,甘肃,mixed,adult,male,creatinine,LCMS,0.921330526,1.321396278
2016,北京,urban,mixed,female,creatinine,HPLC,0.021882997,1.010632975
2013,四川,urban,adult,female,unadjusted,LCMS,0.557286727,1.401975258
2020,四川,rural,adult,female,SG,UPLCMS,0.743256945,0.552327042
2002,甘肃,urban,adult,male,creatinine,LCMS,0.490167808,1.715315584
2000,湖南,rural,child,male,creatinine,HPLCMS,0.094549,1.531162184
2019,吉林,rural,child,male,SG,HPLCMSMS,0.972736776,2.156750439
2020,青海,rural,child,male,SG,LCMS,0.522830327,2.045108906
2022,黑龙江,rural,child,male,creatinine,HPLC,0.618044382,3.749742102
2000,北京,mixed,mixed,female,creatinine,UPLC,0.244243685,7.317745384
2002,云南,rural,mixed,mixed,unadjusted,HPLCMS,0.488663104,3.532185097
2017,四川,urban,child,female,unadjusted,UPLC,0.434857997,1.594552904
2009,河北,mixed,mixed,mixed,creatinine,UPLCMSMS,0.084146884,1.56275737
2021,贵州,urban,mixed,male,unadjusted,UPLCMSMS,0.11509875,3.087861258
2002,四川,mixed,adult,mixed,creatinine,HPLC,0.839097794,0.861978314
2007,陕西,rural,adult,female,creatinine,UPLCMSMS,0.247421753,1.708380281
2013,新疆,mixed,adult,female,unadjusted,LCMSMS,0.203008689,1.77547983
2023,青海,mixed,adult,mixed,unadjusted,UPLCMS,0.509862337,2.678382113
2017,黑龙江,urban,mixed,male,SG,HPLCMS,0.77105966,2.718500261
2014,重庆,urban,child,male,SG,UPLC,0.071327053,1.378322128
2021,云南,rural,mixed,female,SG,HPLC,0.58103984,1.625736347
2022,山东,mixed,mixed,mixed,creatinine,LCMSMS,0.128018338,2.498521877
2001,内蒙古,mixed,mixed,male,unadjusted,HPLC,0.04609644,1.341363793
2009,河北,mixed,adult,male,creatinine,LCMSMS,0.062216513,3.655403186
2001,广东,rural,adult,female,unadjusted,UPLCMSMS,0.835822467,2.712131338
2016,北京,rural,adult,male,creatinine,UPLCMSMS,0.126792759,2.179078225
2007,甘肃,rural,child,mixed,SG,LCMS,0.054699851,2.431765361
2000,山东,rural,mixed,female,SG,GCMSMS,0.443520888,1.583601799
2008,黑龙江,rural,child,female,SG,HPLC,0.845553537,1.462286738
2010,天津,urban,adult,mixed,creatinine,LCMS,0.269784293,1.617345253
2021,河北,mixed,child,female,unadjusted,HPLCMS,0.427495491,2.568008066
2015,贵州,mixed,mixed,male,unadjusted,LCMS,0.049523307,2.211463848
2006,江西,mixed,mixed,male,SG,GCMS,0.454587729,1.618969686
2009,贵州,mixed,adult,mixed,SG,UPLCMSMS,0.58183695,2.909374333
2022,江西,mixed,adult,male,SG,GCMS,0.575197983,1.833403305
2002,浙江,mixed,child,mixed,SG,HPLC,0.339102425,1.414097909
2017,河南,mixed,adult,mixed,unadjusted,UPLC,0.322377849,2.271221824
2023,山西,mixed,adult,male,creatinine,UPLC,0.115557383,1.205184208
2012,广西,urban,mixed,mixed,creatinine,HPLCMS,0.373130337,0.860308103
2006,内蒙古,mixed,adult,male,creatinine,LCMS,0.108499722,1.994901933
2003,重庆,urban,adult,female,creatinine,UPLC,0.768929985,1.439707955
2012,海南,rural,mixed,female,SG,LCMSMS,0.966611555,1.761331407
2019,江西,mixed,mixed,mixed,SG,LCMSMS,0.970373712,1.233407571
2000,新疆,rural,child,male,SG,HPLCMS,0.866420388,3.660549418
2007,四川,rural,adult,male,creatinine,UPLCMS,0.604784228,1.436774698
2013,河南,rural,mixed,female,SG,UPLCMSMS,0.70385704,1.611471105
2015,湖南,urban,child,female,SG,LCMS,0.292353745,2.415940892
2013,吉林,rural,child,male,unadjusted,HPLC,0.634462716,1.004851763
2011,江苏,rural,adult,mixed,unadjusted,HPLCMSMS,0.461093054,0.968382906
2018,吉林,rural,adult,female,SG,HPLCMSMS,0.487197166,2.419651686
2022,北京,mixed,child,mixed,unadjusted,HPLCMSMS,0.760198795,1.601071937
2014,四川,mixed,mixed,mixed,unadjusted,UPLC,0.289099172,1.274303337
2001,海南,urban,child,female,SG,UPLCMS,0.324859216,2.704274764
2001,广东,urban,adult,mixed,SG,UPLCMS,0.925395373,1.332672535
2022,河南,mixed,mixed,mixed,SG,LCMS,0.065662052,1.7434938
2021,青海,urban,mixed,male,SG,LCMS,0.490777955,1.277726014
2018,广东,mixed,child,mixed,creatinine,UPLCMS,0.913672792,2.32766536
2021,山西,rural,adult,male,creatinine,HPLCMS,0.614259378,3.893020276
2021,青海,rural,child,female,SG,LCMS,0.550943003,0.788697219
2016,甘肃,urban,child,female,unadjusted,HPLCMS,0.257246737,2.115891052
2019,湖南,mixed,child,male,SG,GCMS,0.349842734,3.069275074
2009,天津,mixed,mixed,female,SG,LCMSMS,0.853527932,1.619971096
2005,北京,urban,mixed,mixed,unadjusted,UPLCMSMS,0.56362595,1.136128004
2014,山东,mixed,adult,mixed,creatinine,LCMS,0.519594772,2.468545089
2021,内蒙古,rural,adult,mixed,SG,UPLCMS,0.108583916,3.300169835
2010,广西,urban,child,female,SG,LCMSMS,0.025867875,3.121795351
2004,浙江,urban,child,mixed,creatinine,LCMSMS,0.964048337,2.40151995
2000,江苏,mixed,child,female,creatinine,GCMSMS,0.383216306,2.100350109
2007,新疆,urban,adult,mixed,unadjusted,UPLCMS,0.607180931,1.275886081
2020,天津,mixed,mixed,male,creatinine,UPLCMSMS,0.088917922,3.082588468
2011,河北,mixed,mixed,female,creatinine,UPLCMS,0.686283143,2.998540251
2011,四川,mixed,child,female,creatinine,LCMS,0.933241042,1.132149481
2004,四川,mixed,child,mixed,unadjusted,HPLC,0.5799086,2.399803945
2006,安徽,mixed,child,female,creatinine,GCMS,0.134854169,2.771972383
2003,广西,urban,child,female,creatinine,HPLCMS,0.585904312,3.108698241
2005,内蒙古,rural,adult,male,unadjusted,HPLC,0.768683741,1.926398834
2012,内蒙古,rural,mixed,male,creatinine,GCMS,0.412352371,1.302601467
2019,辽宁,urban,child,mixed,creatinine,HPLC,0.88103937,1.555954355
2014,宁夏,urban,adult,male,unadjusted,HPLCMS,0.652196124,1.208672018
2002,上海,rural,child,mixed,SG,UPLC,0.900256429,1.949585621
2022,天津,rural,child,mixed,unadjusted,UPLCMS,0.627270258,1.767744574
2007,海南,rural,mixed,mixed,creatinine,HPLC,0.139975092,5.845460581
2019,安徽,rural,child,female,creatinine,LCMS,0.316594794,3.128287567
2015,河北,rural,mixed,male,creatinine,UPLCMSMS,0.209776999,3.247616082
2012,广西,mixed,mixed,mixed,unadjusted,HPLCMSMS,0.909738233,2.531528894
2017,西藏,urban,mixed,male,creatinine,LCMS,0.762796067,1.664439379
2009,重庆,mixed,adult,mixed,creatinine,HPLCMS,0.679634385,1.742728871
2018,安徽,rural,adult,male,unadjusted,UPLCMSMS,0.307956656,1.824329515
2016,贵州,rural,mixed,male,SG,LCMS,0.192204324,2.197375771
2023,湖北,rural,child,mixed,SG,LCMSMS,0.758886577,2.429613244
2018,江苏,mixed,mixed,female,creatinine,UPLCMS,0.479416366,2.000708753
2022,宁夏,mixed,child,male,unadjusted,UPLCMSMS,0.233531657,1.729526967
2004,贵州,rural,mixed,female,creatinine,LCMSMS,0.620455758,1.486002109
2020,陕西,mixed,child,female,unadjusted,LCMS,0.049930514,0.996827844
2022,江西,mixed,adult,mixed,unadjusted,GCMS,0.332908552,3.799375697
2008,四川,rural,child,mixed,SG,GCMSMS,0.473871425,6.024966774
2011,湖北,mixed,mixed,mixed,SG,GCMS,0.156478751,3.643029337
2020,湖南,urban,adult,male,unadjusted,UPLCMS,0.984807933,1.065681358
2000,广东,urban,child,mixed,creatinine,UPLCMSMS,0.217006391,2.964343126
2000,湖北,urban,child,mixed,SG,UPLCMSMS,0.139049599,3.336876972
2014,江西,urban,child,male,creatinine,UPLCMS,0.211499525,1.634649374
2001,上海,rural,child,male,SG,LCMSMS,0.771370522,2.553872412
2021,黑龙江,rural,child,mixed,SG,GCMSMS,0.431250603,1.592007286
2015,天津,rural,adult,mixed,creatinine,LCMS,0.56976178,4.295687781
2007,福建,urban,adult,mixed,SG,HPLCMS,0.030799065,2.400873529
2012,云南,urban,adult,mixed,SG,GCMS,0.044086995,1.26436426
2020,吉林,mixed,adult,female,creatinine,GCMS,0.451367294,2.795612516
2000,上海,mixed,mixed,female,SG,HPLCMSMS,0.818488691,3.395793695
2015,重庆,urban,adult,mixed,SG,GCMSMS,0.88638649,2.208277955
2006,重庆,urban,child,female,SG,HPLCMS,0.095839502,2.541788651
2004,浙江,urban,child,male,creatinine,GCMS,0.542979471,1.931448937
2021,江西,urban,adult,female,unadjusted,HPLCMS,0.914097389,1.134290056
2022,山西,mixed,child,female,creatinine,LCMS,0.394093027,1.853879187
2002,西藏,urban,adult,mixed,unadjusted,UPLCMSMS,0.831270173,2.597805362
2011,西藏,mixed,child,female,SG,HPLCMS,0.142358698,1.875984797
2015,青海,urban,mixed,female,unadjusted,GCMS,0.936040545,2.984791496
2018,福建,urban,mixed,female,creatinine,LCMSMS,0.753909084,1.643875231
2004,天津,urban,adult,female,creatinine,GCMSMS,0.941921049,1.698680489
2021,四川,mixed,adult,male,SG,UPLCMS,0.679851061,3.030438049
2013,内蒙古,mixed,adult,mixed,unadjusted,HPLC,0.369769893,2.234625023
2004,浙江,rural,child,mixed,SG,UPLC,0.938799361,1.627892755
2014,辽宁,urban,adult,male,SG,UPLC,0.282811109,3.35365189
2016,湖南,rural,mixed,female,creatinine,HPLC,0.338850797,1.41733638
2013,海南,rural,child,male,unadjusted,HPLCMS,0.703800334,1.390512941
2019,江苏,mixed,adult,female,unadjusted,GCMSMS,0.767663137,0.485985143
2004,山西,mixed,child,male,unadjusted,HPLCMS,0.930109449,1.516132836
2011,上海,rural,child,mixed,unadjusted,UPLCMS,0.212754385,3.847815251
2015,辽宁,urban,adult,mixed,SG,GCMSMS,0.800018055,0.709638806
2015,天津,mixed,child,mixed,SG,HPLC,0.741160593,1.242576579
2020,湖北,urban,mixed,female,creatinine,HPLCMS,0.073156611,2.490993081
2006,内蒙古,urban,mixed,female,SG,HPLCMSMS,0.39335091,0.65097359
2003,云南,rural,child,male,SG,GCMS,0.289937802,1.549291723
2000,辽宁,rural,adult,male,creatinine,LCMSMS,0.31144552,3.538060828
2004,西藏,rural,child,mixed,creatinine,UPLCMSMS,0.983117411,5.554787016
2022,安徽,rural,mixed,female,creatinine,LCMSMS,0.646349639,2.312364198
2009,四川,mixed,child,male,SG,UPLCMS,0.720499396,1.258491361
2021,海南,mixed,child,female,SG,HPLCMS,0.976851461,1.237487125
2004,江苏,rural,mixed,female,creatinine,LCMS,0.383429765,2.150286664
2003,重庆,mixed,child,mixed,creatinine,GCMSMS,0.803821767,2.301655948
2001,海南,rural,child,mixed,creatinine,HPLCMS,0.440185654,5.063771496
2019,陕西,urban,adult,female,SG,GCMSMS,0.870838335,3.249657502
2009,云南,urban,adult,female,SG,UPLCMSMS,0.188850966,2.085900016
2018,新疆,urban,mixed,female,unadjusted,HPLCMSMS,0.948209315,1.691377954
2000,辽宁,rural,mixed,female,SG,LCMSMS,0.226583991,9.029554541
2023,陕西,urban,mixed,mixed,SG,GCMS,0.332958302,2.735856585
2004,黑龙江,mixed,adult,male,SG,UPLCMSMS,0.758630312,1.431569398
2012,天津,urban,mixed,mixed,creatinine,UPLCMSMS,0.39981759,1.78753168
2003,安徽,urban,mixed,male,SG,LCMSMS,0.612129263,1.289713126
2015,福建,urban,mixed,female,creatinine,UPLCMSMS,0.450127766,0.60101969
2023,云南,mixed,adult,male,unadjusted,LCMS,0.744946238,2.338413426
2015,海南,rural,child,mixed,unadjusted,LCMS,0.23604794,4.876239306
2022,吉林,mixed,mixed,mixed,creatinine,UPLC,0.067873407,0.885032049
2001,江苏,rural,child,female,creatinine,UPLC,0.306930103,2.056033165
2016,福建,rural,mixed,mixed,creatinine,LCMS,0.479565578,1.404518853
2019,湖北,urban,child,female,SG,HPLC,0.176339852,2.595809576
2023,西藏,rural,adult,mixed,unadjusted,HPLCMSMS,0.361249317,1.834885538
2011,海南,mixed,adult,mixed,creatinine,GCMSMS,0.405983188,1.013206296
2017,甘肃,mixed,mixed,female,SG,HPLCMSMS,0.066817925,1.224576811
2002,宁夏,rural,child,male,unadjusted,UPLCMS,0.587474176,1.320482123
2000,西藏,urban,adult,mixed,SG,UPLCMSMS,0.885499994,3.916922561
2000,江西,urban,mixed,male,unadjusted,GCMS,0.160225484,3.818191263
2018,天津,mixed,mixed,mixed,SG,UPLCMSMS,0.601829933,1.711676393
2010,甘肃,urban,adult,mixed,unadjusted,HPLCMSMS,0.668091813,3.695252536
2004,重庆,rural,adult,mixed,unadjusted,LCMS,0.425141334,1.8341025
2011,浙江,rural,mixed,mixed,SG,LCMSMS,0.704086611,1.698619396
2002,北京,mixed,child,male,creatinine,UPLCMS,0.416624228,2.057941273
2000,广东,rural,child,male,unadjusted,LCMS,0.509590915,2.30610469
2000,海南,mixed,child,mixed,creatinine,HPLCMSMS,0.017279514,1.515014158
2007,山西,rural,mixed,mixed,SG,LCMSMS,0.694802913,2.021985707
2009,广东,mixed,adult,male,creatinine,GCMS,0.664729252,2.964796611
2010,西藏,urban,mixed,female,creatinine,HPLCMSMS,0.048016869,2.133826827
2011,青海,rural,adult,female,creatinine,GCMSMS,0.374567606,2.043243777
2012,海南,rural,child,male,creatinine,HPLCMS,0.979241522,2.560588943
2011,浙江,mixed,child,mixed,creatinine,LCMSMS,0.426529197,2.79127983
2013,黑龙江,mixed,adult,mixed,unadjusted,HPLCMSMS,0.506925951,1.938354217
2001,浙江,rural,adult,female,unadjusted,LCMS,0.910830857,1.57783973
2018,山西,mixed,mixed,female,unadjusted,GCMSMS,0.720089257,2.19844179
2017,湖北,rural,child,male,SG,HPLC,0.58624943,0.901374296
2002,陕西,urban,mixed,female,creatinine,LCMSMS,0.799826635,1.800359168
2022,吉林,mixed,mixed,male,unadjusted,GCMSMS,0.865722604,0.581216026
2016,黑龙江,rural,mixed,female,SG,LCMS,0.462319191,0.865239691
2007,河北,urban,child,female,unadjusted,HPLCMSMS,0.480357281,0.80256234
2009,重庆,urban,mixed,female,unadjusted,UPLCMSMS,0.392190426,3.376443889
2001,天津,rural,mixed,mixed,creatinine,GCMS,0.967039079,2.014030803
2018,四川,mixed,mixed,mixed,SG,UPLCMSMS,0.700194592,1.064092868
2008,山东,rural,mixed,mixed,creatinine,HPLCMS,0.092390836,2.556604989
2006,贵州,urban,mixed,female,creatinine,GCMSMS,0.864330027,3.278789896
2003,重庆,rural,mixed,male,unadjusted,HPLCMS,0.485754341,2.57896965
2020,重庆,mixed,child,male,creatinine,GCMS,0.078066367,1.819919222
2017,内蒙古,urban,mixed,male,SG,GCMSMS,0.554220083,2.246538281
2012,贵州,rural,adult,male,creatinine,UPLC,0.422992636,3.13897228
2010,北京,mixed,mixed,mixed,creatinine,LCMS,0.878971911,1.58173803
2023,西藏,urban,mixed,mixed,creatinine,GCMSMS,0.211954658,2.030091046
2003,山西,mixed,child,female,unadjusted,LCMS,0.828199963,1.758657367
2020,山东,urban,child,female,SG,UPLCMSMS,0.562111804,0.89264997
2003,广西,rural,adult,male,unadjusted,UPLCMS,0.0640642,3.162716376
2009,广东,mixed,adult,mixed,unadjusted,LCMSMS,0.972126848,5.594495193
2004,河北,urban,child,male,unadjusted,UPLCMS,0.517489092,1.292075538
2008,广西,mixed,child,female,unadjusted,HPLCMSMS,0.297968086,3.236483167
2023,浙江,mixed,mixed,female,unadjusted,LCMSMS,0.474712774,1.312784286
2002,湖北,rural,child,male,SG,LCMSMS,0.859279206,2.137295165
2016,宁夏,mixed,adult,female,creatinine,HPLC,0.311854093,4.250996038
2002,陕西,urban,mixed,male,unadjusted,LCMSMS,0.200749633,1.541764728
2015,福建,urban,adult,mixed,unadjusted,GCMS,0.137780534,1.985367377
2003,浙江,urban,mixed,male,SG,UPLCMS,0.304880804,0.812528476
2017,天津,urban,child,mixed,SG,UPLCMSMS,0.782247606,1.434828039
2016,上海,rural,adult,mixed,creatinine,LCMS,0.476910102,0.771060082
2006,西藏,mixed,mixed,female,SG,HPLCMSMS,0.235206788,2.478704985
2023,天津,rural,mixed,female,creatinine,LCMSMS,0.17452315,3.031222368
2022,海南,mixed,child,female,unadjusted,HPLCMSMS,0.339402182,1.790204282
2004,上海,mixed,child,male,unadjusted,UPLCMSMS,0.940525129,2.307329198
2011,上海,mixed,child,male,creatinine,HPLCMSMS,0.349596445,1.699411395
2016,黑龙江,rural,adult,female,SG,UPLCMSMS,0.988242835,2.896258882
2022,湖北,mixed,mixed,male,creatinine,LCMSMS,0.490378151,2.133743925
2012,北京,rural,child,female,SG,UPLCMSMS,0.187372279,0.741051988
2022,云南,urban,adult,male,unadjusted,LCMSMS,0.892228691,3.199957696
2002,青海,urban,adult,mixed,SG,HPLC,0.465751819,1.646045564
2008,浙江,mixed,adult,mixed,creatinine,HPLC,0.71257463,1.0596699
2016,黑龙江,rural,child,female,creatinine,UPLCMSMS,0.983874467,1.605893331
2016,江苏,urban,child,male,unadjusted,HPLC,0.059673597,0.772682043
2019,云南,rural,mixed,male,SG,LCMS,0.105727614,1.070582106
2015,吉林,rural,mixed,mixed,SG,LCMS,0.723252174,2.148182177
2021,河北,mixed,child,mixed,SG,HPLC,0.289006753,2.240060834
2012,河北,urban,adult,female,unadjusted,HPLC,0.192458383,2.331161399
2018,湖南,mixed,adult,mixed,SG,UPLC,0.048968261,2.003212445
2016,内蒙古,mixed,adult,female,creatinine,UPLC,0.031628245,1.414413021
2003,安徽,urban,mixed,mixed,SG,LCMSMS,0.776740747,1.946275626
2011,安徽,urban,adult,mixed,unadjusted,UPLCMSMS,0.143089093,1.607280238
2008,广东,rural,mixed,male,SG,HPLCMS,0.47304341,0.887147856
2018,宁夏,urban,mixed,mixed,SG,HPLCMS,0.609837847,1.359258982
2011,辽宁,rural,adult,mixed,creatinine,HPLC,0.434068283,3.12026457
2008,天津,rural,adult,female,SG,HPLCMSMS,0.036835586,4.425106104
2006,安徽,rural,child,mixed,creatinine,HPLC,0.785666488,2.769826555
2013,广东,urban,child,female,creatinine,UPLC,0.020408092,4.327526194
2019,内蒙古,mixed,adult,mixed,unadjusted,LCMSMS,0.764270995,2.087237634
2018,安徽,rural,mixed,mixed,creatinine,HPLC,0.894371449,4.77949658
2014,陕西,mixed,mixed,female,creatinine,UPLCMS,0.438511522,5.586714681
2015,陕西,mixed,mixed,male,unadjusted,HPLCMSMS,0.540187048,0.840643534
2020,湖北,urban,mixed,female,creatinine,UPLCMS,0.482213559,2.234223709
2004,青海,mixed,mixed,female,unadjusted,LCMSMS,0.395316532,2.088324929
2002,湖北,mixed,child,female,SG,LCMSMS,0.88855029,1.617845414
2011,江苏,urban,adult,male,unadjusted,LCMS,0.894994176,2.557691131
2019,云南,rural,child,mixed,creatinine,GCMSMS,0.342458201,2.041550799
2020,四川,mixed,mixed,female,unadjusted,UPLCMS,0.618919056,1.384615828
2003,湖北,urban,mixed,female,creatinine,LCMS,0.927638487,1.973571071
2020,山东,mixed,mixed,male,SG,UPLC,0.962437914,3.652619094
2022,安徽,mixed,mixed,female,unadjusted,GCMS,0.51386945,2.191127451
2015,宁夏,rural,adult,mixed,SG,HPLCMSMS,0.458296557,2.736349013
2006,河南,mixed,mixed,male,creatinine,GCMS,0.285907373,1.741280271
2012,贵州,urban,adult,mixed,creatinine,UPLCMSMS,0.959283154,2.507231573
2020,广东,mixed,mixed,mixed,SG,UPLC,0.151386161,1.092577862
2009,黑龙江,rural,adult,male,unadjusted,UPLC,0.58403128,1.557819257
2006,新疆,rural,child,female,unadjusted,GCMS,0.289724765,1.899922083
2013,海南,urban,mixed,mixed,creatinine,UPLCMS,0.286218207,1.05651866
2004,湖北,rural,adult,mixed,SG,GCMSMS,0.410918902,1.320537461
2002,四川,mixed,child,mixed,SG,UPLCMS,0.998805006,2.338952232
2022,内蒙古,rural,mixed,mixed,unadjusted,GCMS,0.064416644,2.134138684
2010,重庆,urban,mixed,male,unadjusted,UPLCMSMS,0.5827564,2.993160621
2010,河南,rural,mixed,male,unadjusted,UPLCMS,0.091746436,1.481257918
2017,辽宁,rural,adult,mixed,SG,HPLCMS,0.162975622,2.058439751
2014,黑龙江,rural,adult,female,unadjusted,UPLCMS,0.445167312,1.429340966
2011,云南,urban,child,mixed,unadjusted,LCMSMS,0.51535553,2.846845261
2008,湖南,rural,adult,female,creatinine,LCMS,0.266204484,3.627414874
2009,云南,rural,adult,mixed,unadjusted,HPLCMSMS,0.32329256,2.5467285
2011,安徽,mixed,mixed,female,unadjusted,UPLCMS,0.09609735,3.399894218
2016,山东,urban,mixed,mixed,SG,GCMSMS,0.310187586,2.032765359
2005,陕西,rural,mixed,female,SG,GCMSMS,0.966892855,2.992006098
2006,西藏,urban,mixed,mixed,creatinine,UPLCMS,0.945260308,2.076857745
2013,上海,rural,mixed,mixed,unadjusted,HPLC,0.341529507,1.198035518
2012,福建,rural,mixed,female,creatinine,UPLC,0.575145397,2.262584796
2007,西藏,rural,mixed,male,SG,UPLCMS,0.910499437,1.215917376
2009,山东,mixed,child,female,creatinine,UPLC,0.016121984,6.441179376
2008,江苏,mixed,child,male,SG,HPLCMS,0.812576735,1.692324624
2017,河南,mixed,child,mixed,creatinine,GCMS,0.948885857,2.761202044
2001,吉林,urban,child,female,creatinine,HPLCMS,0.100412477,1.987625223
2004,湖北,urban,mixed,female,unadjusted,UPLCMS,0.169833209,1.07932999
2004,四川,mixed,child,female,creatinine,GCMSMS,0.96113884,0.774053463
2005,西藏,urban,mixed,male,unadjusted,HPLC,0.542164742,2.908548496
2018,海南,rural,child,male,unadjusted,UPLCMSMS,0.024054668,4.339753911
2007,重庆,rural,adult,mixed,unadjusted,UPLC,0.265055679,1.385062586
2015,西藏,rural,child,male,unadjusted,LCMS,0.455444238,0.87354199
2012,吉林,mixed,child,male,creatinine,UPLC,0.695979822,1.699893861
2000,江西,urban,mixed,mixed,SG,LCMSMS,0.735828774,1.251807689
2021,山东,mixed,child,female,SG,HPLCMSMS,0.995467298,1.444826638
2019,海南,urban,adult,female,SG,UPLCMS,0.294636087,2.713757024
2016,吉林,rural,mixed,mixed,creatinine,HPLCMS,0.542837901,1.950168262
2006,上海,mixed,mixed,female,unadjusted,LCMS,0.537990312,1.32100578
2012,广东,urban,child,male,SG,GCMSMS,0.411588807,2.684239838
2003,河南,urban,mixed,mixed,creatinine,GCMSMS,0.177470275,2.791511912
2003,黑龙江,rural,mixed,mixed,unadjusted,GCMSMS,0.977681998,1.689813956
2005,湖南,mixed,mixed,mixed,SG,UPLCMSMS,0.854784015,2.142782978
2018,陕西,mixed,mixed,female,unadjusted,LCMSMS,0.503349698,2.594511162
2011,四川,mixed,mixed,mixed,SG,GCMSMS,0.607212968,2.474896918
2021,青海,rural,mixed,mixed,SG,GCMSMS,0.234988443,2.041029269
2006,湖南,mixed,adult,mixed,SG,UPLCMS,0.5483492,4.093663292
2009,新疆,rural,child,female,unadjusted,LCMSMS,0.698020432,2.67644009
2018,宁夏,rural,adult,male,creatinine,HPLC,0.520015358,1.596490324
2006,广西,rural,mixed,mixed,unadjusted,HPLC,0.990382319,1.601294952
2002,吉林,urban,mixed,male,SG,LCMSMS,0.61522824,1.513014481
2012,河北,mixed,child,female,unadjusted,HPLCMSMS,0.377263975,2.743426411
2012,湖南,mixed,adult,female,creatinine,UPLCMSMS,0.774430507,1.464880107
2017,陕西,rural,child,female,unadjusted,LCMS,0.178757886,1.617202227
2019,江苏,rural,adult,female,creatinine,UPLC,0.390670656,3.394506449
2007,吉林,mixed,mixed,male,creatinine,UPLCMS,0.353489361,2.201113044
2008,湖北,rural,child,mixed,unadjusted,GCMS,0.437489024,3.641564854
2006,江西,mixed,child,female,SG,HPLC,0.783962028,2.98075647
2000,新疆,urban,mixed,female,creatinine,LCMSMS,0.489331302,1.110501001
2002,贵州,rural,child,male,unadjusted,LCMS,0.796074306,1.900430903
2012,河北,mixed,adult,male,creatinine,LCMSMS,0.580724014,3.280912879
2016,安徽,rural,adult,female,SG,UPLC,0.34864874,1.085520014
2023,甘肃,mixed,adult,mixed,unadjusted,LCMS,0.811878956,2.466999391
2000,福建,mixed,adult,mixed,unadjusted,HPLC,0.245906774,1.961145897
2005,天津,rural,mixed,female,unadjusted,GCMSMS,0.23213915,0.831730183
2020,河北,urban,child,male,SG,LCMSMS,0.509457895,2.123311361
2005,内蒙古,mixed,adult,female,creatinine,GCMS,0.268240754,1.315758325
2011,浙江,mixed,mixed,female,unadjusted,HPLC,0.018996165,1.115520698
2012,黑龙江,mixed,child,male,creatinine,HPLCMS,0.651814552,2.009161596
2012,西藏,urban,child,female,creatinine,GCMS,0.515982883,0.761641513
2014,四川,urban,mixed,female,SG,HPLCMSMS,0.451062636,1.427610452
2020,四川,rural,mixed,female,unadjusted,UPLCMSMS,0.967298829,7.161606353
2015,安徽,urban,adult,male,creatinine,HPLC,0.575487192,2.768369108
2021,吉林,rural,child,mixed,unadjusted,GCMSMS,0.864797262,1.287155478
2020,山东,rural,child,mixed,unadjusted,HPLC,0.148055734,4.035903331
2010,贵州,urban,mixed,male,SG,UPLC,0.573514398,1.217896756
2004,湖北,rural,child,mixed,unadjusted,LCMS,0.86929983,1.516340102
2003,山西,urban,adult,female,unadjusted,LCMSMS,0.5872747,1.12605624
2002,青海,rural,child,mixed,creatinine,LCMS,0.720834036,2.273196794
2018,重庆,urban,mixed,female,SG,LCMS,0.378323132,3.964826085
2019,云南,urban,mixed,mixed,unadjusted,HPLC,0.101525022,1.21366422
2017,福建,rural,adult,male,creatinine,UPLC,0.463321292,0.713855771
2014,湖南,mixed,adult,mixed,SG,LCMSMS,0.400534597,3.450884303
2008,北京,rural,child,mixed,SG,LCMSMS,0.868389581,4.349441435
2016,河南,urban,child,mixed,creatinine,LCMS,0.251555349,0.737570905
2013,福建,mixed,mixed,male,creatinine,HPLCMSMS,0.967066885,2.517268415
2014,江苏,rural,adult,mixed,creatinine,UPLCMSMS,0.958556739,2.239829746
2000,安徽,rural,adult,male,creatinine,UPLC,0.255155327,1.349061989
2020,宁夏,rural,adult,female,creatinine,HPLCMSMS,0.354571436,0.995977459
2021,天津,mixed,child,mixed,unadjusted,UPLCMS,0.896600183,3.283869174
2021,四川,urban,adult,male,unadjusted,UPLCMS,0.966955999,2.187331803
2002,河北,rural,mixed,male,SG,GCMS,0.449004712,2.271318294
2015,江苏,rural,mixed,mixed,unadjusted,LCMS,0.327787075,1.46559676
2022,天津,rural,child,female,unadjusted,LCMSMS,0.530833073,1.339360925
2010,宁夏,rural,child,male,unadjusted,HPLC,0.690891514,0.5860562
2011,陕西,rural,adult,mixed,creatinine,LCMSMS,0.28073977,1.784490902
2009,四川,urban,child,female,SG,LCMSMS,0.739108443,4.106456004
2015,福建,urban,mixed,male,SG,GCMSMS,0.061140784,1.281485524
2007,福建,rural,adult,male,SG,LCMSMS,0.058801548,0.934204264
2005,湖南,mixed,mixed,female,SG,GCMS,0.392424828,2.486757029
2011,河北,urban,adult,female,unadjusted,HPLCMSMS,0.35993846,2.726959302
2023,陕西,mixed,child,mixed,unadjusted,UPLCMS,0.322476883,1.492114438
2020,吉林,urban,adult,mixed,creatinine,LCMSMS,0.496109565,1.679951541
2007,江西,rural,adult,male,SG,LCMSMS,0.327526246,2.282106087
2003,广西,urban,mixed,female,unadjusted,GCMSMS,0.200335339,1.850345626
2007,青海,rural,mixed,female,unadjusted,UPLC,0.316374854,3.297655787
2017,宁夏,urban,adult,female,creatinine,HPLC,0.97515523,6.76504199
2004,湖北,rural,child,male,creatinine,UPLC,0.417002283,0.850922182
2008,青海,rural,child,female,creatinine,HPLC,0.450265649,3.698860302
2003,宁夏,rural,mixed,female,unadjusted,UPLCMSMS,0.58077954,2.108078842
2021,海南,rural,child,male,unadjusted,LCMSMS,0.983507361,4.003814974
2016,安徽,mixed,mixed,mixed,creatinine,GCMSMS,0.249185264,2.872907078
2008,云南,rural,child,mixed,SG,HPLCMS,0.684469289,2.062101092
2000,河南,mixed,adult,male,creatinine,LCMS,0.718824847,2.924602727
2020,贵州,mixed,mixed,female,creatinine,UPLCMS,0.611251173,1.642253354
2019,安徽,rural,mixed,male,creatinine,HPLCMSMS,0.097692556,1.357977512
2012,山东,mixed,adult,mixed,creatinine,UPLCMS,0.680103553,2.999899351
2015,云南,urban,mixed,mixed,unadjusted,HPLCMSMS,0.073453764,1.311252721
2012,江苏,rural,child,male,SG,UPLCMSMS,0.600181223,2.757524829
2013,宁夏,mixed,child,male,creatinine,UPLC,0.742185365,2.030985152
2002,云南,rural,mixed,mixed,SG,GCMS,0.218860192,0.62401951
2005,新疆,rural,child,male,SG,LCMSMS,0.843205787,1.500736452
2017,吉林,rural,mixed,mixed,SG,HPLCMS,0.040050267,2.364499279
2018,广西,mixed,adult,male,creatinine,HPLCMSMS,0.845374735,1.632555941
2004,内蒙古,urban,mixed,male,unadjusted,LCMS,0.46572576,0.559775832
2014,北京,urban,adult,male,creatinine,HPLCMSMS,0.225412061,3.871036283
2001,宁夏,mixed,child,mixed,SG,GCMS,0.142440364,2.176753847
2009,湖北,rural,adult,male,SG,UPLCMS,0.953774096,2.496817263
2023,河北,mixed,child,mixed,unadjusted,GCMSMS,0.081938932,1.578553789
2017,福建,mixed,mixed,mixed,creatinine,UPLCMS,0.207102486,2.608804381
2012,江西,mixed,child,male,SG,UPLCMSMS,0.354344124,5.005599836
2004,贵州,rural,mixed,male,unadjusted,GCMSMS,0.6240325,1.384876116
2022,宁夏,mixed,mixed,mixed,SG,UPLCMS,0.549353074,4.602748077
2023,湖南,rural,adult,mixed,unadjusted,LCMS,0.134387057,2.441052292
2000,山西,mixed,adult,female,unadjusted,UPLCMS,0.296830704,1.294896548
2021,湖南,urban,adult,mixed,creatinine,LCMS,0.246364253,6.045671125
2000,宁夏,mixed,adult,female,SG,LCMS,0.221407426,2.432616192
2017,内蒙古,mixed,child,female,creatinine,GCMSMS,0.417032893,2.804952248
2014,云南,urban,child,female,SG,UPLC,0.706991138,1.747997991
2016,河南,rural,child,male,creatinine,HPLC,0.225278403,1.343104678
2010,北京,rural,mixed,male,SG,LCMSMS,0.373012091,2.175054677
2020,海南,mixed,child,mixed,creatinine,HPLCMSMS,0.397008253,4.410019196
2021,江西,urban,child,female,unadjusted,HPLC,0.976691964,1.713121722
2016,山东,rural,child,male,SG,GCMS,0.955119693,1.973426867
2012,上海,mixed,adult,male,SG,UPLC,0.802136207,4.142549488
2000,山东,urban,child,male,unadjusted,HPLC,0.249242332,1.721134657
2001,湖北,rural,mixed,male,creatinine,GCMSMS,0.077356941,2.581279835
2008,云南,rural,adult,male,SG,GCMS,0.323735096,3.101303273
2002,贵州,urban,mixed,female,SG,HPLCMS,0.274126604,1.812589899
2000,山西,urban,child,female,creatinine,UPLC,0.510866542,2.335126294
2020,安徽,urban,adult,female,unadjusted,HPLC,0.779950631,2.783470609
2015,陕西,urban,mixed,female,creatinine,GCMS,0.859739709,1.63671238
2022,西藏,mixed,child,mixed,creatinine,HPLCMS,0.846415445,3.007261197
2005,内蒙古,urban,mixed,female,creatinine,UPLCMS,0.366078806,1.521435259
2016,青海,rural,mixed,male,SG,GCMS,0.690362,1.427041459
2004,内蒙古,rural,mixed,female,unadjusted,GCMSMS,0.319705856,0.932045776
2004,浙江,mixed,child,mixed,unadjusted,UPLCMS,0.070296488,1.554907423
2005,甘肃,rural,child,male,creatinine,GCMSMS,0.704549613,1.330288492
2002,辽宁,rural,mixed,female,SG,HPLC,0.019729277,1.636746128
2020,吉林,urban,adult,female,creatinine,LCMSMS,0.415090762,2.715954607
2022,贵州,rural,adult,female,SG,HPLC,0.336085477,0.843926439
2004,新疆,mixed,child,male,SG,UPLCMS,0.696443763,0.745136194
2020,江西,urban,child,male,SG,LCMS,0.768583018,1.375211548
2004,贵州,urban,child,mixed,SG,HPLC,0.31105369,2.518749196
2009,浙江,mixed,child,male,unadjusted,UPLCMS,0.813510744,2.310767347
2009,宁夏,urban,child,male,SG,GCMS,0.300977593,1.364265262
2018,福建,urban,adult,female,SG,UPLCMSMS,0.451863096,3.58891991
2016,天津,mixed,child,male,creatinine,HPLC,0.729748342,1.438991057
2020,云南,urban,mixed,female,creatinine,GCMS,0.695991027,2.520290502
2013,吉林,mixed,mixed,female,unadjusted,GCMSMS,0.987494788,1.668214707
2008,广西,mixed,adult,male,creatinine,UPLC,0.232909414,1.295321601
2013,山西,rural,mixed,mixed,SG,LCMSMS,0.665694734,1.477887623
2000,陕西,rural,adult,mixed,creatinine,GCMSMS,0.613585089,2.886796394
2018,黑龙江,urban,adult,male,unadjusted,GCMSMS,0.91594747,2.395662362
2012,广西,urban,mixed,mixed,creatinine,UPLCMS,0.16479852,3.245269873
2012,青海,mixed,child,female,creatinine,LCMS,0.754280182,2.395615572
2003,新疆,urban,mixed,female,unadjusted,HPLCMSMS,0.57258593,0.893653153
2000,重庆,mixed,mixed,male,unadjusted,UPLCMSMS,0.281919211,5.756643607
2016,海南,mixed,adult,mixed,SG,LCMS,0.479690565,2.412664377
2007,广东,urban,mixed,mixed,creatinine,UPLCMS,0.340438831,2.586958749
2001,福建,mixed,adult,female,SG,LCMSMS,0.583520269,1.656535446
2007,江西,rural,child,male,creatinine,UPLCMSMS,0.890110605,3.48942277
2006,江苏,urban,child,mixed,creatinine,UPLCMSMS,0.573611935,1.157883072
2001,浙江,rural,child,male,SG,UPLCMS,0.635405194,2.713018138
2021,天津,urban,mixed,mixed,creatinine,HPLCMS,0.523560369,0.707038994
2021,云南,mixed,adult,female,creatinine,GCMSMS,0.060653851,2.805976036
2002,西藏,urban,child,female,creatinine,UPLC,0.240529971,1.165758531
2017,上海,rural,adult,male,unadjusted,HPLCMS,0.497081712,2.29709307
2011,湖北,mixed,adult,female,SG,UPLCMS,0.317132931,3.94250936
2000,西藏,urban,child,mixed,unadjusted,HPLCMS,0.189945962,3.017732941
2021,河北,urban,child,female,SG,UPLC,0.509091513,3.688935801
2011,贵州,urban,adult,male,SG,UPLCMS,0.329581696,3.502830663
2004,辽宁,rural,child,male,creatinine,UPLCMS,0.265526567,1.538804489
2016,内蒙古,rural,adult,male,SG,UPLCMSMS,0.469345563,2.697464526
2015,内蒙古,urban,adult,mixed,unadjusted,HPLCMS,0.141951416,0.844246076
2014,重庆,mixed,child,mixed,unadjusted,GCMS,0.928468276,1.418612061
2022,山东,mixed,mixed,mixed,unadjusted,HPLC,0.869025077,4.012741304
2014,四川,rural,child,mixed,SG,UPLCMS,0.71054438,1.649758279
2004,湖北,mixed,mixed,mixed,unadjusted,HPLCMS,0.115151689,0.785956554
2020,上海,rural,adult,female,SG,HPLCMSMS,0.778118482,5.473928995
2013,河北,urban,adult,mixed,unadjusted,LCMSMS,0.809877755,2.649238717
2001,广西,rural,mixed,mixed,unadjusted,HPLCMSMS,0.770086972,2.931124948
2010,西藏,rural,adult,female,SG,HPLCMS,0.122826228,1.224965173
2018,湖北,urban,mixed,mixed,unadjusted,GCMSMS,0.647468877,2.3052185
2006,青海,mixed,mixed,male,creatinine,GCMSMS,0.835981548,2.274896748
2005,陕西,rural,adult,mixed,SG,HPLCMS,0.581579867,1.326315441
2001,江苏,rural,mixed,mixed,SG,UPLCMSMS,0.649943301,1.837190197
2005,河北,urban,child,male,SG,UPLCMSMS,0.463779845,0.944512199
2017,湖南,mixed,child,male,creatinine,UPLCMS,0.533420247,1.681678521
2001,湖南,rural,adult,male,SG,UPLC,0.04403309,3.254603023
2017,宁夏,urban,adult,male,unadjusted,HPLC,0.642573392,1.376746423
2014,湖北,rural,mixed,mixed,unadjusted,UPLCMS,0.090632741,5.190323874
2018,贵州,urban,mixed,male,unadjusted,HPLCMSMS,0.440664448,0.975408837
2001,河北,mixed,mixed,male,SG,HPLC,0.299728547,1.756036895
2019,河北,mixed,mixed,female,unadjusted,HPLCMSMS,0.549973671,1.440416343
2005,辽宁,mixed,child,male,SG,UPLCMSMS,0.142082172,1.827697111
2000,福建,mixed,child,male,unadjusted,HPLCMS,0.694726968,3.970470381
2023,贵州,rural,adult,female,creatinine,UPLC,0.797061422,1.222526272
2014,青海,rural,mixed,female,creatinine,HPLCMSMS,0.171720905,1.59601822
2022,山东,mixed,mixed,mixed,creatinine,UPLCMSMS,0.113269956,2.774304422
2009,云南,mixed,adult,female,creatinine,UPLC,0.154060328,2.095362502
2018,上海,mixed,mixed,mixed,SG,UPLCMS,0.878356286,2.183075484
2016,山西,rural,mixed,female,unadjusted,HPLCMS,0.532907369,1.234306175
2004,江西,mixed,mixed,female,creatinine,LCMSMS,0.472588386,1.929682429
2003,内蒙古,mixed,mixed,mixed,SG,GCMSMS,0.115644701,3.521673865
2009,天津,mixed,mixed,female,creatinine,LCMS,0.653060447,0.894390041
2023,浙江,urban,adult,mixed,creatinine,UPLC,0.869319596,1.411273665
2016,上海,mixed,mixed,female,SG,LCMSMS,0.829904011,0.806845052
2009,贵州,urban,adult,male,SG,LCMSMS,0.629794162,2.615970166
2016,河北,urban,mixed,female,unadjusted,UPLC,0.084525929,3.690944743
2019,陕西,mixed,child,mixed,unadjusted,LCMSMS,0.121273057,1.824748532
2023,甘肃,urban,child,female,creatinine,HPLCMSMS,0.058815897,1.209717877
2004,青海,mixed,child,mixed,creatinine,LCMSMS,0.264904424,1.22755447
2001,上海,rural,child,mixed,unadjusted,UPLCMSMS,0.144304852,1.723950702
2005,河北,rural,adult,male,unadjusted,HPLC,0.26744756,1.72066554
2020,云南,rural,adult,male,SG,HPLCMSMS,0.391207475,3.155235289
2001,天津,rural,mixed,mixed,unadjusted,LCMSMS,0.943552956,1.431480414
2012,安徽,urban,child,female,unadjusted,UPLCMS,0.614272299,2.486028233
2010,江苏,mixed,adult,mixed,creatinine,GCMSMS,0.836624048,1.716714288
2010,上海,mixed,mixed,mixed,unadjusted,HPLCMS,0.713247986,1.378186773
2015,山东,mixed,mixed,female,creatinine,LCMSMS,0.121378099,1.695468576
2010,黑龙江,rural,adult,female,unadjusted,GCMS,0.738561202,2.366510179
2018,云南,rural,child,female,SG,GCMSMS,0.282347893,3.160132242
2014,内蒙古,mixed,mixed,female,unadjusted,UPLCMS,0.642716769,1.763253332
2022,浙江,rural,child,mixed,unadjusted,UPLCMSMS,0.347552354,1.095464107
2022,陕西,mixed,child,mixed,unadjusted,LCMSMS,0.997695541,3.296972365
2015,天津,mixed,child,male,creatinine,UPLCMSMS,0.270915965,1.27642409
2010,贵州,mixed,mixed,mixed,SG,LCMSMS,0.286339166,2.278594406
2021,甘肃,mixed,child,female,unadjusted,LCMS,0.931365533,1.975320862
2015,山东,mixed,mixed,male,creatinine,HPLC,0.034397961,1.847553136
2007,辽宁,mixed,child,female,SG,UPLCMSMS,0.699722098,1.56777753
2003,黑龙江,mixed,mixed,mixed,creatinine,HPLC,0.728073127,2.727053087
2007,陕西,rural,child,male,creatinine,GCMSMS,0.838014792,0.333576144
2003,内蒙古,mixed,adult,female,SG,LCMS,0.974694918,3.530298523
2023,河南,mixed,child,male,unadjusted,HPLCMS,0.9758459,1.267305881
2002,西藏,rural,child,male,creatinine,HPLCMSMS,0.07462399,2.452543466
2002,湖南,rural,mixed,mixed,creatinine,HPLC,0.82362093,2.38848671
2017,辽宁,rural,mixed,female,unadjusted,LCMS,0.649846834,3.78344841
2018,内蒙古,mixed,child,male,unadjusted,HPLC,0.650868713,2.207855645
2018,甘肃,urban,adult,male,SG,UPLC,0.137066427,1.321268936
2020,河南,urban,adult,female,SG,UPLCMS,0.653685295,0.896523912
2004,福建,rural,mixed,male,SG,HPLCMS,0.982657755,1.679919042
2017,甘肃,urban,adult,male,unadjusted,UPLCMS,0.912700384,0.751307292
2009,内蒙古,rural,child,male,creatinine,LCMSMS,0.444739354,1.460683282
2021,福建,mixed,mixed,female,creatinine,HPLC,0.049548494,1.727770537
2020,湖北,urban,child,female,SG,LCMSMS,0.368670555,1.416500214
2005,湖南,mixed,mixed,female,unadjusted,GCMS,0.828126408,2.04221297
2000,黑龙江,urban,mixed,female,creatinine,HPLC,0.70448411,1.777299674
2004,福建,mixed,mixed,mixed,SG,LCMS,0.464750219,1.69775011
2008,宁夏,urban,mixed,male,creatinine,HPLCMS,0.06455052,0.59515814
2011,青海,mixed,adult,female,creatinine,LCMSMS,0.432625781,1.046859354
2013,广东,mixed,child,male,unadjusted,HPLC,0.47433469,2.757916619
2001,西藏,urban,child,male,unadjusted,GCMS,0.929269978,2.99000577
2016,河北,mixed,child,mixed,creatinine,UPLCMS,0.644675243,0.797525732
2013,贵州,mixed,mixed,female,SG,LCMS,0.318536387,1.330810413
2012,黑龙江,mixed,adult,female,unadjusted,UPLC,0.530065082,3.418253897
2008,天津,urban,child,male,creatinine,HPLC,0.075394755,1.396721597
2014,黑龙江,urban,adult,female,unadjusted,UPLC,0.972842553,1.891559814
2021,陕西,mixed,mixed,male,unadjusted,GCMSMS,0.366459303,4.112577024
2014,福建,mixed,child,male,unadjusted,HPLCMS,0.483088681,1.669223461
2023,福建,urban,adult,mixed,creatinine,HPLC,0.361731134,1.553930419
2010,北京,urban,mixed,mixed,SG,UPLCMSMS,0.685686613,1.8489702
2015,辽宁,mixed,adult,mixed,SG,GCMS,0.665609837,5.052345442
2016,贵州,mixed,child,male,SG,LCMSMS,0.718169087,2.499893419
2003,广东,mixed,child,female,unadjusted,UPLCMSMS,0.275461797,2.019172945
2000,河南,rural,mixed,mixed,creatinine,GCMSMS,0.322511796,1.538745082
2007,黑龙江,urban,mixed,female,unadjusted,HPLCMS,0.133998719,2.618379578
2016,甘肃,rural,mixed,mixed,SG,UPLCMS,0.658954872,2.781518678
2002,北京,urban,adult,mixed,SG,LCMS,0.049399156,1.169478503
2019,陕西,urban,adult,male,creatinine,UPLC,0.601705512,2.819222891
2014,陕西,urban,adult,mixed,unadjusted,GCMSMS,0.870998926,1.854418254
2014,河南,urban,mixed,mixed,SG,LCMSMS,0.891923827,2.024953015
2023,上海,urban,child,male,creatinine,LCMS,0.454547383,1.285313528
2021,福建,urban,child,female,unadjusted,UPLCMS,0.464710651,1.637476221
2013,浙江,urban,adult,mixed,unadjusted,LCMSMS,0.086199491,1.194916189
2022,福建,rural,adult,male,SG,GCMS,0.674057375,1.166535326
2013,云南,mixed,child,mixed,SG,UPLC,0.823046826,2.414983104
2023,海南,mixed,child,male,unadjusted,UPLCMSMS,0.252208504,1.674624394
2001,江苏,rural,adult,female,unadjusted,HPLC,0.427087873,1.044280724
2012,山西,rural,adult,female,SG,GCMSMS,0.840450943,5.939788367
2013,新疆,rural,child,male,unadjusted,HPLC,0.878349263,1.139762219
2023,陕西,rural,mixed,male,SG,LCMS,0.25074818,3.452845456
2018,辽宁,urban,adult,male,unadjusted,HPLC,0.555064928,0.955916569
2006,甘肃,mixed,child,female,SG,UPLCMSMS,0.200568219,2.512801706
2002,吉林,urban,child,mixed,creatinine,HPLCMSMS,0.110859976,1.764499351
2014,内蒙古,mixed,child,female,SG,LCMS,0.912009296,1.460266298
2022,浙江,mixed,child,male,SG,UPLC,0.822302429,2.206744478
2013,福建,rural,mixed,male,creatinine,LCMSMS,0.762434553,2.063239063
2010,西藏,urban,child,female,unadjusted,UPLC,0.058278656,1.332310414
2014,云南,rural,adult,male,creatinine,HPLC,0.845291505,1.3024899
2012,广东,urban,mixed,female,SG,HPLCMS,0.443663635,0.9104558
2017,新疆,mixed,child,male,unadjusted,LCMS,0.348971172,2.330142379
2005,四川,rural,mixed,mixed,creatinine,LCMSMS,0.551011597,1.068488216
2002,江苏,rural,adult,mixed,unadjusted,UPLCMS,0.10043971,2.003978909
2018,江苏,mixed,child,male,unadjusted,GCMS,0.759080084,2.689583026
2014,浙江,mixed,adult,female,creatinine,UPLC,0.586610726,2.219261974
2022,海南,mixed,child,mixed,unadjusted,UPLC,0.194724196,1.393169729
2004,宁夏,rural,child,female,creatinine,LCMS,0.196349878,3.150475476
2009,吉林,urban,child,male,SG,HPLCMS,0.192406165,1.630948001
2006,新疆,rural,child,female,unadjusted,HPLC,0.066432364,1.026409511
2016,湖南,urban,child,mixed,SG,HPLC,0.591920465,1.735478952
2006,山西,rural,mixed,female,SG,LCMS,0.841944696,2.681954634
2021,天津,rural,child,female,unadjusted,UPLC,0.027323232,1.427521928
2011,江西,mixed,child,male,creatinine,LCMSMS,0.058514599,3.102593542
2016,福建,urban,mixed,male,unadjusted,GCMS,0.577042574,1.360679419
2012,青海,rural,mixed,male,SG,LCMS,0.821300729,1.456506243
2019,安徽,rural,mixed,mixed,SG,LCMSMS,0.333471502,1.185432483
2003,吉林,mixed,mixed,mixed,creatinine,LCMSMS,0.356118255,2.815111722
2009,天津,mixed,mixed,male,unadjusted,UPLCMS,0.600383033,1.947459876
2002,福建,urban,mixed,male,SG,UPLCMSMS,0.28147076,1.225398634
2008,江西,rural,child,mixed,SG,HPLCMSMS,0.036342282,1.640567157
2012,陕西,urban,child,mixed,SG,GCMS,0.737876233,0.430663467
2017,湖北,rural,adult,mixed,creatinine,GCMSMS,0.629393414,2.950968325
2014,上海,urban,child,mixed,SG,HPLCMS,0.584948439,1.836338899
2003,湖北,mixed,child,male,SG,HPLCMSMS,0.744267288,0.600512456
2014,黑龙江,rural,mixed,mixed,unadjusted,UPLCMS,0.678478529,0.965418551
2021,新疆,urban,mixed,male,unadjusted,GCMS,0.213823168,1.619876885
2001,天津,mixed,child,female,SG,HPLC,0.358956236,1.036719915
2014,甘肃,mixed,adult,female,SG,HPLCMSMS,0.13484904,2.97374423
2007,贵州,urban,mixed,mixed,unadjusted,HPLC,0.138558443,2.465596149
2007,福建,rural,child,female,creatinine,HPLCMS,0.679433789,2.393879214
2016,河北,rural,child,female,creatinine,HPLC,0.860014106,0.543880195
2011,河南,mixed,adult,female,creatinine,HPLCMS,0.963105258,1.537900191
2018,辽宁,rural,adult,mixed,creatinine,GCMS,0.632063646,1.41105684
2009,广东,rural,mixed,mixed,creatinine,UPLC,0.19226031,1.241251263
2008,宁夏,rural,adult,female,creatinine,HPLCMS,0.114593842,1.625084054
2004,吉林,mixed,child,male,creatinine,LCMSMS,0.814722462,1.138860359
2005,江苏,urban,child,female,creatinine,GCMSMS,0.582968912,2.227227519
2019,上海,rural,adult,mixed,unadjusted,GCMSMS,0.622102171,2.934164831
2001,天津,mixed,adult,mixed,creatinine,LCMS,0.783647468,2.810434365
2023,新疆,mixed,adult,mixed,creatinine,GCMSMS,0.706244455,1.866736193
2012,甘肃,urban,adult,female,creatinine,LCMS,0.83611367,5.43449733
2005,甘肃,rural,mixed,male,SG,GCMSMS,0.065651766,3.536490099
2004,山东,rural,adult,mixed,unadjusted,HPLCMS,0.75004543,1.900977217
2000,宁夏,urban,mixed,mixed,unadjusted,LCMSMS,0.85234423,1.571469353
2020,内蒙古,urban,child,female,unadjusted,UPLC,0.293273692,3.90462115
2021,青海,mixed,adult,male,creatinine,HPLC,0.644042801,3.309964691
2020,重庆,mixed,mixed,female,creatinine,UPLCMS,0.321020443,0.988006086
2005,山西,urban,adult,mixed,SG,GCMSMS,0.958391356,3.4420177
2005,广西,rural,child,male,unadjusted,UPLC,0.043089337,1.851433887
2022,山西,mixed,child,male,creatinine,UPLC,0.583994915,1.300425366
2015,湖南,mixed,child,mixed,unadjusted,HPLCMS,0.174838512,0.743448525
2003,山西,rural,adult,male,SG,GCMS,0.715098003,1.748379018
2010,陕西,mixed,adult,male,SG,GCMS,0.184131381,1.987809717
2023,湖北,rural,mixed,female,SG,GCMSMS,0.243029429,4.422968193
2022,安徽,rural,child,mixed,unadjusted,UPLCMS,0.499427103,3.227681522
2008,重庆,rural,adult,mixed,creatinine,GCMSMS,0.9156866,1.494368665
2022,湖北,urban,child,mixed,creatinine,GCMSMS,0.219597228,2.429822909
2002,江苏,urban,child,mixed,SG,LCMS,0.152797621,3.023067039
2018,重庆,urban,mixed,mixed,creatinine,LCMSMS,0.761387064,2.087831306
2007,北京,rural,mixed,male,SG,LCMSMS,0.505613337,1.491183502
2004,重庆,rural,mixed,female,unadjusted,UPLCMS,0.912667261,1.532746083
2003,西藏,urban,mixed,mixed,SG,LCMS,0.155148412,2.425126567
2023,贵州,mixed,child,female,unadjusted,UPLC,0.649468614,2.458711576
2005,陕西,rural,mixed,female,SG,LCMS,0.240550355,1.727490665
2001,湖南,mixed,mixed,male,creatinine,GCMSMS,0.165192824,0.539868913
2019,湖南,mixed,mixed,mixed,creatinine,GCMS,0.686595121,1.049050865
2010,江西,rural,mixed,male,SG,HPLCMSMS,0.597747774,2.726426129
2003,山东,rural,child,mixed,creatinine,UPLCMS,0.757279184,0.689166889
2014,青海,mixed,mixed,male,creatinine,UPLC,0.316367951,3.615527225
2005,安徽,mixed,child,female,creatinine,HPLCMS,0.45349194,3.357597912
2021,山西,urban,adult,mixed,unadjusted,HPLCMSMS,0.41141696,2.041521517
2016,陕西,urban,child,female,creatinine,HPLCMSMS,0.984248569,2.696926248
2023,河北,rural,child,female,unadjusted,LCMS,0.299326467,2.605265319
2005,广西,urban,mixed,male,SG,HPLC,0.301869066,1.886476147
2018,青海,urban,adult,mixed,creatinine,HPLCMSMS,0.361002727,1.006221898
2001,安徽,urban,adult,female,creatinine,GCMSMS,0.56894814,3.24392387
2014,吉林,urban,adult,male,creatinine,UPLCMSMS,0.259799517,4.042091218
2010,青海,mixed,adult,mixed,SG,GCMS,0.916137041,1.092918803
2007,浙江,rural,child,mixed,unadjusted,GCMS,0.273028709,0.987597234
2018,北京,urban,adult,female,unadjusted,UPLCMSMS,0.896857574,1.867776579
2012,辽宁,mixed,child,mixed,creatinine,LCMSMS,0.112440313,1.462335599
2011,山东,mixed,child,female,SG,GCMSMS,0.659997075,2.150331036
2004,山东,mixed,child,mixed,SG,HPLCMS,0.907915663,3.65883284
2005,广东,urban,adult,male,SG,HPLCMSMS,0.177061944,0.65071206
2021,浙江,urban,mixed,female,SG,LCMSMS,0.96864369,4.409596358
2003,西藏,rural,mixed,female,SG,GCMSMS,0.458354527,1.632010939
2018,四川,urban,adult,mixed,unadjusted,LCMS,0.946257957,2.583219967
2019,西藏,urban,mixed,mixed,unadjusted,GCMS,0.680051843,2.725113557
2000,天津,mixed,mixed,female,unadjusted,LCMSMS,0.308571001,2.888732307
2019,江西,rural,child,mixed,creatinine,UPLCMS,0.1964195,2.062876221
2016,天津,urban,child,male,SG,HPLCMSMS,0.310697696,2.318516361
2011,青海,urban,adult,mixed,creatinine,HPLCMSMS,0.102087235,2.310948869
